Workbook

Sheet 입력
A1: 구분 | B1: 항목 | C1: 입력값 | D1: 비고 / 선택 옵션 | E1: 관련 근거 | F1: 참조 값
A2: 공통 | B2: 가입 유형 | D2: 선택: 어린이형,태아형 | E2: 2.가, 2.나 | F2: =IFERROR(VLOOKUP(C2, data_mapping!A1:B2, 2, FALSE), "")
A3: 공통 | B3: 상품 종류 | D3: 선택: 해약환급금 미지급형,일반형 | E3: 보험종목의 명칭, 2.가 | F3: =IFERROR(VLOOKUP(C3, data_mapping!A3:B4, 2, FALSE), "")
A4: 주계약 | B4: 갱신 여부 | E4: 보험종목의 명칭
A5: 주계약 | B5: 보험 기간 | D5: 선택: 30세만기,100세만기 | E5: 2.가 | F5: =IFERROR(VLOOKUP(C5, data_mapping!A5:B6, 2, FALSE), "")
A6: 주계약 | B6: 납입 기간 | D6: 선택: 5년납,10년납,20년납,30년납,전기납 | E6: 2.가 | F6: =IFERROR(VLOOKUP(C6, data_mapping!A7:B11, 2, FALSE), "")
A7: 일반암진단특약 | B7: 갱신 여부 | E7: 보험종목의 명칭
A8: 일반암진단특약 | B8: 보험 기간 | D8: 선택: 30세만기,100세만기 | E8: 2.가 | F8: =IFERROR(VLOOKUP(C8, data_mapping!A12:B13, 2, FALSE), "")
A9: 일반암진단특약 | B9: 납입 기간 | D9: 선택: 5년납,10년납,20년납,30년납,전기납 | E9: 2.가 | F9: =IFERROR(VLOOKUP(C9, data_mapping!A14:B18, 2, FALSE), "")
A10: 고액암진단특약 | B10: 갱신 여부 | E10: 보험종목의 명칭
A11: 고액암진단특약 | B11: 보험 기간 | D11: 선택: 30세만기,100세만기 | E11: 2.가 | F11: =IFERROR(VLOOKUP(C11, data_mapping!A19:B20, 2, FALSE), "")
A12: 고액암진단특약 | B12: 납입 기간 | D12: 선택: 5년납,10년납,20년납,30년납,전기납 | E12: 2.가 | F12: =IFERROR(VLOOKUP(C12, data_mapping!A21:B25, 2, FALSE), "")
A13: 남녀특정암진단특약 | B13: 갱신 여부 | E13: 보험종목의 명칭
A14: 남녀특정암진단특약 | B14: 보험 기간 | D14: 선택: 30세만기,100세만기 | E14: 2.가 | F14: =IFERROR(VLOOKUP(C14, data_mapping!A26:B27, 2, FALSE), "")
A15: 남녀특정암진단특약 | B15: 납입 기간 | D15: 선택: 5년납,10년납,20년납,30년납,전기납 | E15: 2.가 | F15: =IFERROR(VLOOKUP(C15, data_mapping!A28:B32, 2, FALSE), "")
A16: 소액암진단특약 | B16: 갱신 여부 | E16: 보험종목의 명칭
A17: 소액암진단특약 | B17: 보험 기간 | D17: 선택: 30세만기,100세만기 | E17: 2.가 | F17: =IFERROR(VLOOKUP(C17, data_mapping!A33:B34, 2, FALSE), "")
A18: 소액암진단특약 | B18: 납입 기간 | D18: 선택: 5년납,10년납,20년납,30년납,전기납 | E18: 2.가 | F18: =IFERROR(VLOOKUP(C18, data_mapping!A35:B39, 2, FALSE), "")
A19: 주니어특정중대질병진단특약 | B19: 갱신 여부 | E19: 보험종목의 명칭
A20: 주니어특정중대질병진단특약 | B20: 보험 기간 | D20: 선택: 30세만기,100세만기 | E20: 2.가 | F20: =IFERROR(VLOOKUP(C20, data_mapping!A40:B41, 2, FALSE), "")
A21: 주니어특정중대질병진단특약 | B21: 납입 기간 | D21: 선택: 5년납,10년납,20년납,30년납,전기납 | E21: 2.가 | F21: =IFERROR(VLOOKUP(C21, data_mapping!A42:B46, 2, FALSE), "")
A22: 주니어특정중대질병수술보장특약 | B22: 갱신 여부 | E22: 보험종목의 명칭
A23: 주니어특정중대질병수술보장특약 | B23: 보험 기간 | D23: 선택: 30세만기,100세만기 | E23: 2.가 | F23: =IFERROR(VLOOKUP(C23, data_mapping!A47:B48, 2, FALSE), "")
A24: 주니어특정중대질병수술보장특약 | B24: 납입 기간 | D24: 선택: 5년납,10년납,20년납,30년납,전기납 | E24: 2.가 | F24: =IFERROR(VLOOKUP(C24, data_mapping!A49:B53, 2, FALSE), "")
A25: 뇌출혈진단특약 | B25: 갱신 여부 | E25: 보험종목의 명칭
A26: 뇌출혈진단특약 | B26: 보험 기간 | D26: 선택: 100세만기 | E26: 2.가 | F26: =IFERROR(VLOOKUP(C26, data_mapping!A54:B54, 2, FALSE), "")
A27: 뇌출혈진단특약 | B27: 납입 기간 | D27: 선택: 10년납,20년납,30년납 | E27: 2.가 | F27: =IFERROR(VLOOKUP(C27, data_mapping!A55:B57, 2, FALSE), "")
A28: 급성심근경색증진단특약 | B28: 갱신 여부 | E28: 보험종목의 명칭
A29: 급성심근경색증진단특약 | B29: 보험 기간 | D29: 선택: 100세만기 | E29: 2.가 | F29: =IFERROR(VLOOKUP(C29, data_mapping!A58:B58, 2, FALSE), "")
A30: 급성심근경색증진단특약 | B30: 납입 기간 | D30: 선택: 10년납,20년납,30년납 | E30: 2.가 | F30: =IFERROR(VLOOKUP(C30, data_mapping!A59:B61, 2, FALSE), "")
A31: 뇌혈관질환진단특약 | B31: 갱신 여부 | E31: 보험종목의 명칭
A32: 뇌혈관질환진단특약 | B32: 보험 기간 | D32: 선택: 100세만기 | E32: 2.가 | F32: =IFERROR(VLOOKUP(C32, data_mapping!A62:B62, 2, FALSE), "")
A33: 뇌혈관질환진단특약 | B33: 납입 기간 | D33: 선택: 10년납,20년납,30년납 | E33: 2.가 | F33: =IFERROR(VLOOKUP(C33, data_mapping!A63:B65, 2, FALSE), "")
A34: 허혈심장질환진단특약 | B34: 갱신 여부 | E34: 보험종목의 명칭
A35: 허혈심장질환진단특약 | B35: 보험 기간 | D35: 선택: 100세만기 | E35: 2.가 | F35: =IFERROR(VLOOKUP(C35, data_mapping!A66:B66, 2, FALSE), "")
A36: 허혈심장질환진단특약 | B36: 납입 기간 | D36: 선택: 10년납,20년납,30년납 | E36: 2.가 | F36: =IFERROR(VLOOKUP(C36, data_mapping!A67:B69, 2, FALSE), "")
A37: 질병장해특약 | B37: 갱신 여부 | E37: 보험종목의 명칭
A38: 질병장해특약 | B38: 보험 기간 | D38: 선택: 30세만기,100세만기 | E38: 2.가 | F38: =IFERROR(VLOOKUP(C38, data_mapping!A70:B71, 2, FALSE), "")
A39: 질병장해특약 | B39: 납입 기간 | D39: 선택: 5년납,10년납,20년납,30년납,전기납 | E39: 2.가 | F39: =IFERROR(VLOOKUP(C39, data_mapping!A72:B76, 2, FALSE), "")
A40: 첫날부터플러스입원보장특약 | B40: 갱신 여부 | E40: 보험종목의 명칭
A41: 첫날부터플러스입원보장특약 | B41: 보험 기간 | D41: 선택: 30세만기,100세만기 | E41: 2.가 | F41: =IFERROR(VLOOKUP(C41, data_mapping!A77:B78, 2, FALSE), "")
A42: 첫날부터플러스입원보장특약 | B42: 납입 기간 | D42: 선택: 5년납,10년납,20년납,30년납,전기납 | E42: 2.가 | F42: =IFERROR(VLOOKUP(C42, data_mapping!A79:B83, 2, FALSE), "")
A43: 응급실내원특약 | B43: 갱신 여부 | E43: 보험종목의 명칭
A44: 응급실내원특약 | B44: 보험 기간 | D44: 선택: 30세만기,100세만기 | E44: 2.가 | F44: =IFERROR(VLOOKUP(C44, data_mapping!A84:B85, 2, FALSE), "")
A45: 응급실내원특약 | B45: 납입 기간 | D45: 선택: 5년납,10년납,20년납,30년납,전기납 | E45: 2.가 | F45: =IFERROR(VLOOKUP(C45, data_mapping!A86:B90, 2, FALSE), "")
A46: 수술특약 | B46: 갱신 여부 | E46: 보험종목의 명칭
A47: 수술특약 | B47: 보험 기간 | D47: 선택: 30세만기,100세만기 | E47: 2.가 | F47: =IFERROR(VLOOKUP(C47, data_mapping!A91:B92, 2, FALSE), "")
A48: 수술특약 | B48: 납입 기간 | D48: 선택: 5년납,10년납,20년납,30년납,전기납 | E48: 2.가 | F48: =IFERROR(VLOOKUP(C48, data_mapping!A93:B97, 2, FALSE), "")
A49: 수술플러스보장특약 | B49: 갱신 여부 | E49: 보험종목의 명칭
A50: 수술플러스보장특약 | B50: 보험 기간 | D50: 선택: 30세만기,100세만기 | E50: 2.가 | F50: =IFERROR(VLOOKUP(C50, data_mapping!A98:B99, 2, FALSE), "")
A51: 수술플러스보장특약 | B51: 납입 기간 | D51: 선택: 5년납,10년납,20년납,30년납,전기납 | E51: 2.가 | F51: =IFERROR(VLOOKUP(C51, data_mapping!A100:B104, 2, FALSE), "")
A52: 6대질병수술보장특약 | B52: 갱신 여부 | E52: 보험종목의 명칭
A53: 6대질병수술보장특약 | B53: 보험 기간 | D53: 선택: 30세만기,100세만기 | E53: 2.가 | F53: =IFERROR(VLOOKUP(C53, data_mapping!A105:B106, 2, FALSE), "")
A54: 6대질병수술보장특약 | B54: 납입 기간 | D54: 선택: 5년납,10년납,20년납,30년납,전기납 | E54: 2.가 | F54: =IFERROR(VLOOKUP(C54, data_mapping!A107:B111, 2, FALSE), "")
A55: 추간판장애및컴퓨터과잉질환수술특약 | B55: 갱신 여부 | E55: 보험종목의 명칭
A56: 추간판장애및컴퓨터과잉질환수술특약 | B56: 보험 기간 | D56: 선택: 30세만기,100세만기 | E56: 2.가 | F56: =IFERROR(VLOOKUP(C56, data_mapping!A112:B113, 2, FALSE), "")
A57: 추간판장애및컴퓨터과잉질환수술특약 | B57: 납입 기간 | D57: 선택: 5년납,10년납,20년납,30년납,전기납 | E57: 2.가 | F57: =IFERROR(VLOOKUP(C57, data_mapping!A114:B118, 2, FALSE), "")
A58: 골절깁스치료특약 | B58: 갱신 여부 | E58: 보험종목의 명칭
A59: 골절깁스치료특약 | B59: 보험 기간 | D59: 선택: 30세만기,100세만기 | E59: 2.가 | F59: =IFERROR(VLOOKUP(C59, data_mapping!A119:B120, 2, FALSE), "")
A60: 골절깁스치료특약 | B60: 납입 기간 | D60: 선택: 5년납,10년납,20년납,30년납,전기납 | E60: 2.가 | F60: =IFERROR(VLOOKUP(C60, data_mapping!A121:B125, 2, FALSE), "")
A61: 주니어특정질병입원특약 | B61: 갱신 여부 | E61: 보험종목의 명칭
A62: 주니어특정질병입원특약 | B62: 보험 기간 | D62: 선택: 30세만기 | E62: 2.가 | F62: =IFERROR(VLOOKUP(C62, data_mapping!A126:B126, 2, FALSE), "")
A63: 주니어특정질병입원특약 | B63: 납입 기간 | D63: 선택: 5년납,10년납,전기납 | E63: 2.가 | F63: =IFERROR(VLOOKUP(C63, data_mapping!A127:B129, 2, FALSE), "")
A64: 피부질환수술특약 | B64: 갱신 여부 | E64: 보험종목의 명칭
A65: 피부질환수술특약 | B65: 보험 기간 | D65: 선택: 30세만기,100세만기 | E65: 2.가 | F65: =IFERROR(VLOOKUP(C65, data_mapping!A130:B131, 2, FALSE), "")
A66: 피부질환수술특약 | B66: 납입 기간 | D66: 선택: 5년납,10년납,20년납,30년납,전기납 | E66: 2.가 | F66: =IFERROR(VLOOKUP(C66, data_mapping!A132:B136, 2, FALSE), "")
A67: 수술특약(갱신형) | B67: 갱신 여부 | E67: 보험종목의 명칭
A68: 수술특약(갱신형) | B68: 보험 기간 | D68: 선택: 5년 | E68: 2.가 | F68: =IFERROR(VLOOKUP(C68, data_mapping!A137:B137, 2, FALSE), "")
A69: 수술특약(갱신형) | B69: 납입 기간 | D69: 선택: 전기납 | E69: 2.가 | F69: =IFERROR(VLOOKUP(C69, data_mapping!A138:B138, 2, FALSE), "")
A70: 첫날부터입원보장특약(갱신형) | B70: 갱신 여부 | E70: 보험종목의 명칭
A71: 첫날부터입원보장특약(갱신형) | B71: 보험 기간 | D71: 선택: 5년 | E71: 2.가 | F71: =IFERROR(VLOOKUP(C71, data_mapping!A139:B139, 2, FALSE), "")
A72: 첫날부터입원보장특약(갱신형) | B72: 납입 기간 | D72: 선택: 전기납 | E72: 2.가 | F72: =IFERROR(VLOOKUP(C72, data_mapping!A140:B140, 2, FALSE), "")
A73: 첫날부터플러스입원보장특약(갱신형) | B73: 갱신 여부 | E73: 보험종목의 명칭
A74: 첫날부터플러스입원보장특약(갱신형) | B74: 보험 기간 | D74: 선택: 5년 | E74: 2.가 | F74: =IFERROR(VLOOKUP(C74, data_mapping!A141:B141, 2, FALSE), "")
A75: 첫날부터플러스입원보장특약(갱신형) | B75: 납입 기간 | D75: 선택: 전기납 | E75: 2.가 | F75: =IFERROR(VLOOKUP(C75, data_mapping!A142:B142, 2, FALSE), "")

Sheet data_mapping
A1: 어린이형 | B1: 어린이형
A2: 태아형 | B2: 태아형
A3: 해약환급금 미지급형 | B3: 해약환급금 미지급형
A4: 일반형 | B4: 일반형
A5: 30세만기 | B5: 30
A6: 100세만기 | B6: 100
A7: 5년납 | B7: 5
A8: 10년납 | B8: 10
A9: 20년납 | B9: 20
A10: 30년납 | B10: 30
A11: 전기납 | B11: 전기납
A12: 30세만기 | B12: 30
A13: 100세만기 | B13: 100
A14: 5년납 | B14: 5
A15: 10년납 | B15: 10
A16: 20년납 | B16: 20
A17: 30년납 | B17: 30
A18: 전기납 | B18: 전기납
A19: 30세만기 | B19: 30
A20: 100세만기 | B20: 100
A21: 5년납 | B21: 5
A22: 10년납 | B22: 10
A23: 20년납 | B23: 20
A24: 30년납 | B24: 30
A25: 전기납 | B25: 전기납
A26: 30세만기 | B26: 30
A27: 100세만기 | B27: 100
A28: 5년납 | B28: 5
A29: 10년납 | B29: 10
A30: 20년납 | B30: 20
A31: 30년납 | B31: 30
A32: 전기납 | B32: 전기납
A33: 30세만기 | B33: 30
A34: 100세만기 | B34: 100
A35: 5년납 | B35: 5
A36: 10년납 | B36: 10
A37: 20년납 | B37: 20
A38: 30년납 | B38: 30
A39: 전기납 | B39: 전기납
A40: 30세만기 | B40: 30
A41: 100세만기 | B41: 100
A42: 5년납 | B42: 5
A43: 10년납 | B43: 10
A44: 20년납 | B44: 20
A45: 30년납 | B45: 30
A46: 전기납 | B46: 전기납
A47: 30세만기 | B47: 30
A48: 100세만기 | B48: 100
A49: 5년납 | B49: 5
A50: 10년납 | B50: 10
A51: 20년납 | B51: 20
A52: 30년납 | B52: 30
A53: 전기납 | B53: 전기납
A54: 100세만기 | B54: 100
A55: 10년납 | B55: 10
A56: 20년납 | B56: 20
A57: 30년납 | B57: 30
A58: 100세만기 | B58: 100
A59: 10년납 | B59: 10
A60: 20년납 | B60: 20
A61: 30년납 | B61: 30
A62: 100세만기 | B62: 100
A63: 10년납 | B63: 10
A64: 20년납 | B64: 20
A65: 30년납 | B65: 30
... A75: 30년납 | B75: 30
A76: 전기납 | B76: 전기납
A77: 30세만기 | B77: 30
A78: 100세만기 | B78: 100
A79: 5년납 | B79: 5
A80: 10년납 | B80: 10
A81: 20년납 | B81: 20
A82: 30년납 | B82: 30
A83: 전기납 | B83: 전기납
A84: 30세만기 | B84: 30
A85: 100세만기 | B85: 100
A86: 5년납 | B86: 5
A87: 10년납 | B87: 10
A88: 20년납 | B88: 20
A89: 30년납 | B89: 30
A90: 전기납 | B90: 전기납
A91: 30세만기 | B91: 30
A92: 100세만기 | B92: 100
A93: 5년납 | B93: 5
A94: 10년납 | B94: 10
A95: 20년납 | B95: 20
A96: 30년납 | B96: 30
A97: 전기납 | B97: 전기납
A98: 30세만기 | B98: 30
A99: 100세만기 | B99: 100
A100: 5년납 | B100: 5
A101: 10년납 | B101: 10
A102: 20년납 | B102: 20
A103: 30년납 | B103: 30
A104: 전기납 | B104: 전기납
A105: 30세만기 | B105: 30
A106: 100세만기 | B106: 100
A107: 5년납 | B107: 5
A108: 10년납 | B108: 10
A109: 20년납 | B109: 20
...
